,RMSE,RMSLE,RAE,MAE,R2 Score
0,0.6203572668144982,0.10292972414898774,0.06197523334462181,0.2020303541773236,0.9759193269594101
