,RMSE,RMSLE,RAE,MAE,R2 Score
0,0.3521015917056018,0.035495901859647766,0.04011662042427128,0.14527910549322398,0.9927012108646897
