,RMSE,RMSLE,RAE,MAE,R2 Score
0,0.3519827590459423,0.03558692362699323,0.04062433646371001,0.1471177581831598,0.9927061366485258
