,RMSE,RMSLE,RAE,MAE,R2 Score
0,0.5780483891967252,0.10044722107916806,0.06017921854933162,0.19617560405185788,0.9790919628121383
