,RMSE,RMSLE,RAE,MAE,R2 Score
0,0.351281442703668,0.0357703650858922,0.04128252618154129,0.14950133916381272,0.9927351733520564
