,RMSE,RMSLE,RAE,MAE,R2 Score
0,0.5805266945837114,0.10132373426062499,0.06034870501798545,0.1967281055825902,0.9789122976479959
