,RMSE,RMSLE,RAE,MAE,R2 Score
0,0.5883759971339219,0.09973855254951847,0.06120933097314232,0.199533622514938,0.9783381887192784
