,RMSE,RMSLE,RAE,MAE,R2 Score
0,0.3508617640557278,0.03549899663439356,0.0404979543069444,0.1466600753950528,0.9927525216715913
