,RMSE,RMSLE,RAE,MAE,R2 Score
0,0.3622826809111458,0.03663492003001598,0.045784889001415134,0.16580628300403516,0.9922730164799016
