,RMSE,RMSLE,RAE,MAE,R2 Score
0,0.4924009915017577,0.07045610083573013,0.05299405078963156,0.17275298974327183,0.9848287029859311
